{
  "accuracy": 0.7931614349775785,
  "roc_auc": 0.897049512333409,
  "f1": 0.5134065934065934,
  "classification_report": {
    "0": {
      "precision": 0.9747071352502662,
      "recall": 0.7834367643911834,
      "f1-score": 0.868667694862973,
      "support": 4673.0
    },
    "1": {
      "precision": 0.3659147869674185,
      "recall": 0.8600883652430045,
      "f1-score": 0.5134065934065934,
      "support": 679.0
    },
    "accuracy": 0.7931614349775785,
    "macro avg": {
      "precision": 0.6703109611088424,
      "recall": 0.8217625648170939,
      "f1-score": 0.6910371441347832,
      "support": 5352.0
    },
    "weighted avg": {
      "precision": 0.8974705873272367,
      "recall": 0.7931614349775785,
      "f1-score": 0.8235962658852299,
      "support": 5352.0
    }
  }
}